query,page,clicks,previous_clicks,clicks_delta,impressions,previous_impressions,impressions_delta,ctr,previous_ctr,position,previous_position,position_delta
"""dorcas international institute"" ""august 5, 2026""","https://haven-h1b.com/blog/ohio-court-blocks-uscis-freeze-green-card-ead-2026","0","0","0","1","0","1","0","0","11","",""
"e n a b l e d h a i r l o s s a r t i c l e h i g h e n d v e r s i o n o n e u s d e l i g i b l e - - a p p r o v e d 0 1 1 0 . 0 0 % - - 0 . 0 0 0 . 0 0 0 . 0 0 0 . 0 0 % - - - - - -","https://immig.haven-h1b.com/filings/o1-extraordinary-individuals","0","0","0","2","0","2","0","0","67.5","",""
"e n a b l e d l u d w i g h a i r s c a l e h i g h e n d v e r s i o n o n e u s d e l i g i b l e - - a p p r o v e d 0 1 0 . 0 0 % - - 0 . 0 0 0 . 0 0 0 . 0 0 0 . 0 0 % - - - - - -","https://immig.haven-h1b.com/filings/o1-extraordinary-individuals","0","0","0","1","0","1","0","0","25","",""
"google lca","https://haven-h1b.com/jobs/google","0","0","0","2","0","2","0","0","51","",""
"h1b attorney (g local finder (com), united states)","https://haven-h1b.com/lawyers","0","0","0","1","0","1","0","0","20","",""
"h1b attorney (g local finder (com), united states, en)","https://haven-h1b.com/lawyers","0","0","0","2","0","2","0","0","18","",""
"h1b immigration lawyer (g local finder (com), united states)","https://haven-h1b.com/lawyers","0","0","0","3","0","3","0","0","18.333333333333332","",""
"h1b lawyer (g local finder (com), united states)","https://haven-h1b.com/lawyers","0","0","0","1","0","1","0","0","19","",""
"how to find priority date","https://haven-h1b.com/tools/priority-date-checker","0","0","0","1","0","1","0","0","94","",""
"imm-1053","https://haven-h1b.com/tools/uscis-vaccine-finder","0","0","0","1","0","1","0","0","87","",""
"international american university reddit","https://haven-h1b.com/day-1-cpt-schools","0","0","0","1","0","1","0","0","4","",""
"kforce h1b","https://haven-h1b.com/jobs/kforce","0","0","0","1","0","1","0","0","59","",""
"kulen law firm","https://haven-h1b.com/lawyers","0","0","0","2","0","2","0","0","66","",""
"visa bulletin tracker","https://haven-h1b.com/tools/priority-date-checker","0","0","0","0","1","'-1","0","0","101","20","'-81"
"visa lawyer (g local finder (com), united states)","https://haven-h1b.com/lawyers","0","0","0","0","1","'-1","0","0","101","18","'-83"
